title,date,actors,staff,genres
The Big-Hearted Will Take Away the Bride,1995-10-20,"[Shah Rukh Khan, Kajol, Anupam Kher, Satish Shah, Achala Sachdev, Himani Shivpuri, Mandira Bedi, Uday Chopra, Parmeet Sethi, Karan Johar]","[Javed Siddiqui, Manmohan Singh, Uday Chopra, Yash Chopra, Sharmishta Roy]","[Comedy, Drama, Romance]"
Jul i Mummidalen,,[],[],[]
The Shawshank Redemption,1994-09-23,"[Tim Robbins, Morgan Freeman, Bob Gunton, Clancy Brown, Mark Rolston, James Whitmore, Gil Bellows, William Sadler, Larry Brandenburg, Neil Giuntoli, David Proval, Joseph Ragno, Jude Ciccolella, Paul McCrane]","[Frank Darabont, Thomas Newman, Roger Deakins, Richard Francis-Bruce, Terence Marsh, Deborah Aquila, Frank Darabont, Stephen King, Liz Glotzer, David V. Lester, Michael Seirton, John Soukup, Jack Keller]","[Drama, Crime]"
Your Name.,2016-08-26,"[Ryunosuke Kamiki, Mone Kamishiraishi, Masami Nagasawa, Etsuko Ichihara, Ryou Narita, Aoi Yuki, Kaito Ishikawa, Tani Kanon, Masaki Terasoma, Sayaka Ohara, Kana Hanazawa, Kazuhiko Inoue]","[Makoto Shinkai, Makoto Shinkai, Makoto Shinkai, Yojiro Noda, Yojiro Noda, Ei Inoue]","[Romance, Animation, Drama]"
The Godfather,1972-03-14,"[Marlon Brando, Al Pacino, James Caan, Robert Duvall, Sterling Hayden, John Marley, Richard Conte, Al Lettieri, Diane Keaton, Abe Vigoda, Talia Shire, Gianni Russo, John Cazale, Rudy Bond, Morgana King, Lenny Montana, John Martino]","[Francis Ford Coppola, Albert S. Ruddy, Mario Puzo, Francis Ford Coppola, William Reynolds, Peter Zinner, Mario Puzo, Gordon Willis, Nino Rota, Dean Tavoularis, Philip Smith, Anna Hill Johnstone, Gray Frederickson, Louis DiGiaimo, Fred Roos, Robert Ward, Fred T. Gallo]","[Drama, Crime]"
Sansho the Bailiff,1954-03-31,"[Kinuyo Tanaka, Eitarô Shindô, Ichirô Sugai, Teruko Omi]","[Kenji Mizoguchi, Masaichi Nagata, Fumio Hayasaka, Tokuzô Tanaka, Kazuo Miyagawa]",[Drama]
Spirited Away,2001-07-20,"[Miyu Irino, Mari Natsuki, Bunta Sugawara, Ryunosuke Kamiki, Tatsuya Gashûin, Yo Oizumi, Tsunehiko Kamijô, Takehiko Ono, Ken Yasuda, David Ogden Stiers]","[Hayao Miyazaki, Toshio Suzuki, Yasuyoshi Tokuma, Joe Hisaishi, Takeshi Seyama, Hayao Miyazaki, Michiyo Yasuda, Michihiro Itou]","[Animation, Family, Fantasy]"
Schindler's List,1993-11-29,"[Liam Neeson, Ben Kingsley, Ralph Fiennes, Caroline Goodall, Embeth Davidtz, Malgorzata Gebel, Mark Ivanir, Andrzej Seweryn, Friedrich von Thun, Harry Nehring, Norbert Weisser, Anna Mucha, Albert Misak]","[Steven Spielberg, Steven Zaillian, Steven Spielberg, Branko Lustig, Gerald R. Molen, Janusz Kamiński, Michael Kahn, Anna B. Sheppard, John Williams, Juliet Taylor, Allan Starski]","[Drama, History, War]"
The Godfather: Part II,1974-12-20,"[Al Pacino, Robert Duvall, Diane Keaton, Robert De Niro, John Cazale, Talia Shire, Lee Strasberg, Michael V. Gazzo, G. D. Spradlin, Richard Bright, Francesca De Sapio, Oreste Baldini, Gastone Moschin, Giuseppe Sillato, Bruno Kirby, Frank Sivero, Morgana King, Marianna Hill, Leopoldo Trieste, Dominic Chianese]","[Francis Ford Coppola, Francis Ford Coppola, Gray Frederickson, Fred Roos, Mario Puzo, Francis Ford Coppola, Gordon Willis, Carmine Coppola, Nino Rota, Dean Tavoularis, Barry Malkin, Richard Marks, Peter Zinner, Jane Feinberg, Mike Fenton, Vic Ramos]","[Drama, Crime]"
"Toto, Peppino, and the Hussy",1956-08-14,"[Totò, Teddy Reno, Nino Manfredi]","[Camillo Mastrocinque, Lelio Luttazzi]",[Comedy]
Bingo: The King of the Mornings,2017-08-24,"[Vladimir Brichta, Leandra Leal, Ana Lúcia Torre, Domingos Montagner]",[Daniel Rezende],"[Comedy, Drama]"
Loving Vincent,2017-08-02,"[Douglas Booth, Jerome Flynn, Robert Gulaczyk, Helen McCrory, Chris O'Dowd, Saoirse Ronan, John Sessions, Eleanor Tomlinson, Aidan Turner, Holly Earl, Cezary Łukaszewicz, Martin Herdman, James Greene]","[Jennifer Duffy, Neil Jenkins, Clint Mansell]","[Animation, Drama]"
Twin Peaks,1989-12-31,"[Kyle MacLachlan, Michael Ontkean, Mädchen Amick, Dana Ashbrook, Richard Beymer, Lara Flynn Boyle, Sherilyn Fenn, Warren Frost, Peggy Lipton, James Marshall, Everett McGill, Jack Nance, Ray Wise, Joan Chen, Piper Laurie, Sheryl Lee, Wendy Robie]","[David Lynch, David Lynch, Mark Frost, Ronald Víctor García, Angelo Badalamenti]","[Drama, Mystery]"
Whiplash,2014-10-10,"[Miles Teller, J.K. Simmons, Melissa Benoist, Austin Stowell, Jayson Blair, Kavita Patil, Paul Reiser, Chris Mulkey, Damon Gupton, Max Kasch, Kofi Siriboe]","[Jasmine McGlade, Damien Chazelle, Damien Chazelle, Sharone Meir, Tom Cross, Jason Blum, Helen Estabrook, David Lancaster, Melanie Jones, Terri Taylor, Jason Reitman, Jeanette Brill]",[Drama]
Life Is Beautiful,1997-12-20,"[Roberto Benigni, Nicoletta Braschi, Giustino Durano, Sergio Bini Bustric, Horst Buchholz, Marisa Paredes, Adelaide Alaïs, Hannes Hellmann, Wolfgang Hillinger, Richard Sammel]","[Roberto Benigni, John Davis, Roberto Benigni, Vincenzo Cerami, Tonino Delli Colli, Simona Paggi, Nicola Piovani, Danilo Donati, Danilo Donati, Mario Cotone, Shaila Rubin, Nicola Piovani, Agnès Mentre]","[Comedy, Drama]"
Pulp Fiction,1994-09-10,"[John Travolta, Samuel L. Jackson, Uma Thurman, Bruce Willis, Ving Rhames, Harvey Keitel, Eric Stoltz, Tim Roth, Amanda Plummer, Maria de Medeiros, Quentin Tarantino, Christopher Walken, Rosanna Arquette, Peter Greene, Duane Whitaker, Angela Jones, Phil LaMarr, Steve Buscemi]","[Quentin Tarantino, Quentin Tarantino, Roger Avary, Lawrence Bender, Danny DeVito, Michael Shamberg, Stacey Sher, Andrzej Sekula, Sally Menke, Gary M. Zuckerbrod, Ronnie Yeskel, David Wasco, Charles Collum, Betsy Heimann, Paul Hellerman, Richard N. Gladstein, Bob Weinstein]","[Thriller, Crime]"
Fight Club,1999-10-15,"[Edward Norton, Brad Pitt, Meat Loaf, Jared Leto, Helena Bonham Carter, Zach Grenier, Holt McCallany, Eion Bailey, Richmond Arquette, David Andrews, Christina Cabot, Tim DeZarn, Ezra Buzzington, Bob Stephenson, David Lee Smith, Carl Ciarfalio, Mark Fite, Matt Winston, Lauren Sánchez]","[Ross Grayson Bell, Art Linson, John King, Michael Simpson, Jeff Cronenweth, James Haygood, Laray Mayfield, Alex McDowell, David Fincher, Chuck Palahniuk, Jim Uhls, Arnon Milchan, Mirela Rupic]",[Drama]
The Green Mile,1999-12-10,"[Tom Hanks, Michael Clarke Duncan, David Morse, Bonnie Hunt, James Cromwell, Patricia Clarkson, Michael Jeter, Sam Rockwell, Graham Greene, Doug Hutchison, Barry Pepper, Harry Dean Stanton, Gary Sinise, Dabbs Greer, Eve Brent, William Sadler, Paula Malcomson]","[Frank Darabont, Frank Darabont, David Valdes, Frank Darabont, Thomas Newman, David Tattersall, Richard Francis-Bruce, Mali Finn, Terence Marsh, Michael Seirton, Karyn Wagner, Stephen King, Ralph Nelson, Kerry Rossall]","[Fantasy, Drama, Crime]"
Once Upon a Time in America,1984-05-23,"[Robert De Niro, James Woods, Elizabeth McGovern, Joe Pesci, Burt Young, Tuesday Weld, Treat Williams, Danny Aiello, Richard Bright, William Forsythe, Darlanne Fluegel, Olga Karlatos, Frank Gio, Jennifer Connelly]","[Sergio Leone, Gabriella Pescucci, Louis Craig, Ennio Morricone, Nino Baragli, Zach Staenberg, Joy Todd, Carlo Simi, Arnon Milchan]","[Drama, Crime]"
Doctor Who: The Time of the Doctor,2013-12-25,"[Matt Smith, Jenna Coleman, Peter Capaldi, Karen Gillan]","[Steven Moffat, Steven Moffat]","[Drama, Science Fiction]"
One Flew Over the Cuckoo's Nest,1975-11-18,"[Jack Nicholson, Louise Fletcher, Danny DeVito, William Redfield, Scatman Crothers, Brad Dourif, Christopher Lloyd, Will Sampson, Dean R. Brooks, Michael Berryman, Sydney Lassick, William Duell, Vincent Schiavelli, Peter Brocco, Alonzo Brown, Nathan George, Ted Markland]","[Miloš Forman, Ken Kesey, Bo Goldman, Michael Douglas, Saul Zaentz, Jack Nitzsche, Haskell Wexler, Sheldon Kahn, Lynzee Klingman, Jane Feinberg, Mike Fenton, Aggie Guerard Rodgers]",[Drama]
Forrest Gump,1994-07-06,"[Tom Hanks, Robin Wright, Gary Sinise, Mykelti Williamson, Sally Field, Michael Conner Humphreys, Hanna Hall, Haley Joel Osment, Siobhan Fallon, Afemo Omilami, Peter Dobson, Sonny Shroyer, George Kelly, Sam Anderson, Margo Moorer, Christopher Jones, Brett Rice, Daniel C. Striepeke]","[Robert Zemeckis, Wendy Finerman, Steve Tisch, Steve Starkey, Don Burgess, Alan Silvestri, Arthur Schmidt, Eric Roth, Winston Groom, Ellen Lewis, Joanna Johnston, Rick Carter, Leslie McDonald, William James Teegarden, Nancy Haigh]","[Comedy, Drama, Romance]"
Psycho,1960-06-16,"[Anthony Perkins, Vera Miles, John Gavin, Janet Leigh, Martin Balsam, John McIntire, Simon Oakland, Frank Albertson, Patricia Hitchcock, Vaughn Taylor, Lurene Tuttle, Mort Mills, John Anderson, Alfred Hitchcock]","[Alfred Hitchcock, Robert Bloch, Joseph Stefano, Alfred Hitchcock, Bernard Herrmann, John L. Russell, George Tomasini, George Milo, Rita Riggs, William Russell, Larry Germain, Robert Dawn, Hilton A. Green]","[Drama, Horror, Thriller]"
The Dark Knight,2008-07-16,"[Christian Bale, Michael Caine, Heath Ledger, Aaron Eckhart, Gary Oldman, Maggie Gyllenhaal, Morgan Freeman, Monique Gabriela Curnen, Ron Dean, Chin Han, Nestor Carbonell, Eric Roberts, Cillian Murphy, Ritchie Coster, Anthony Michael Hall, Keith Szarabajka, Colin McFarlane, Joshua Harto, Melinda McGraw, Nathan Gamble]","[Christopher Nolan, Jonathan Nolan, Hans Zimmer, Wally Pfister, James Newton Howard, Christopher Nolan, Emma Thomas, Christopher Nolan, David S. Goyer, Michael Uslan, Kevin De La Noy, Benjamin Melniker, Nathan Crowley, Lindy Hemming]","[Drama, Action, Crime, Thriller]"
A Silent Voice,2016-09-17,"[Miyu Irino, Saori Hayami, Aoi Yuki, Yui Ishikawa, Megumi Han, Toshiyuki Toyonaga]",[Kensuke Ushio],"[Drama, Animation]"
12 Angry Men,1957-03-25,"[Henry Fonda, Martin Balsam, John Fiedler, Lee J. Cobb, E.G. Marshall, Jack Klugman, Edward Binns, Jack Warden, Ed Begley, George Voskovec, Robert Webber, Rudy Bond]","[Sidney Lumet, Reginald Rose, Henry Fonda, Reginald Rose, Kenyon Hopkins, Boris Kaufman, Carl Lerner, Herman Buchman, James A. Gleason, Reginald Rose, George Justin]",[Drama]
Call Me by Your Name,2017-10-27,"[Timothée Chalamet, Armie Hammer, Michael Stuhlbarg, Amira Casar, Esther Garrel, Victoire Du Bois, André Aciman, Peter Spears]","[Luca Guadagnino, James Ivory, Rodrigo Teixeira, Walter Fasano, Sayombhu Mukdeeprom, Peter Spears, Luca Guadagnino, André Aciman, James Ivory, Sophie Mas]","[Romance, Drama]"
Cinema Paradiso,1988-11-17,"[Philippe Noiret, Jacques Perrin, Marco Leonardi, Agnese Nano, Leo Gullotta, Pupella Maggio, Leopoldo Trieste, Nicola Di Pinto, Brigitte Fossey, Franco Catalano]","[Ennio Morricone, John M. Davis, Andrea Morricone, Angelo Ragusa]","[Drama, Romance]"
Sherlock: The Final Problem,2017-01-15,"[Benedict Cumberbatch, Martin Freeman, Mark Gatiss, Andrew Scott, Una Stubbs, Rupert Graves, Amanda Abbington]","[Mark Gatiss, Steven Moffat, Mark Gatiss, Steven Moffat, Sue Vertue]","[Drama, Mystery]"
Black Mirror: White Christmas,2014-12-16,"[Rafe Spall, Jon Hamm, Oona Chaplin, Janet Montgomery, Rasmus Hardiker, Natalia Tena, Ken Drury, Dan Li]","[Carl Tibbetts, Charlie Brooker, Shaheen Baig]","[Drama, Mystery, Science Fiction, Thriller, TV Movie]"
Harakiri,1962-09-15,"[Tatsuya Nakadai, Shima Iwashita, Akira Ishihama, Yoshio Inaba, Masao Mishima, Hisashi Igawa, Tatsuo Matsumura, Akiji Kobayashi, Tetsurō Tamba]","[Shinobu Hashimoto, Tôru Takemitsu, Tôru Takemitsu]","[Action, Drama, History]"
In a Heartbeat,2017-06-01,[],[],"[Family, Animation, Romance, Comedy]"
Tokyo Story,1953-11-03,"[Chieko Higashiyama, Setsuko Hara, Haruko Sugimura, Sô Yamamura, Kuniko Miyake, Eijirō Tōno, Nobuo Nakamura, Shirô Ôsaka, Teruko Nagaoka, Tôru Abe]","[Kogo Noda, Takanobu Saitô, Yûharu Atsuta]",[Drama]
Grave of the Fireflies,1988-04-16,"[Tsutomu Tatsumi, Ayano Shiraishi, Yoshiko Shinohara, Akemi Yamaguchi]","[Tooru Hara, Isao Takahata, Isao Takahata, Michio Mamiya, Takeshi Seyama, Yoshifumi Kondou, Michiyo Yasuda, Yasuo Uragami, Yoshifumi Kondou, Michihiro Itou, Noriyoshi Oohira, Hisanori Ooshiro, Kunji Tanifuji]","[Animation, Drama, War]"
GoodFellas,1990-09-12,"[Robert De Niro, Ray Liotta, Joe Pesci, Paul Sorvino, Frank Sivero, Tony Darrow, Mike Starr, Frank Vincent, Chuck Low, Frank DiLeo, Henny Youngman, Gina Mastrogiacomo, Catherine Scorsese, Charles Scorsese, Suzanne Shepherd, Debi Mazar, Margo Winkler, Welker White, Jerry Vale]","[Martin Scorsese, Nicholas Pileggi, Martin Scorsese, Irwin Winkler, Barbara De Fina, Michael Ballhaus, Thelma Schoonmaker, Ellen Lewis, Kristi Zea, Maher Ahmad, Richard Bruno, Saul Bass, Robert Griffon Jr., Ilona Herman, William A. Farley]","[Drama, Crime]"
Doctor Who: The Day of the Doctor,2013-11-23,"[Matt Smith, David Tennant, John Hurt, Christopher Eccleston, Paul McGann, Sylvester McCoy, Colin Baker, Peter Davison, Tom Baker, Patrick Troughton, William Hartnell, Jenna Coleman, Peter Capaldi, Billie Piper, Jemma Redgrave, Joanna Page, Ingrid Oliver, Peter de Jersey, Ken Bones]","[Nick Hurran, Steven Moffat]","[Science Fiction, Adventure]"
The End of Evangelion,1997-07-19,"[Megumi Hayashibara, Kotono Mitsuishi, Yuko Miyamura, Akira Ishida, Motomu Kiyokawa, Mugihito, Takehito Koyasu, Hiro Yuuki]","[Mitsuhisa Ishikawa, Kazuya Tsurumaki, Hideaki Anno, Hideaki Anno]","[Drama, Science Fiction]"
The Empire Strikes Back,1980-05-20,"[Mark Hamill, Harrison Ford, Carrie Fisher, Billy Dee Williams, Anthony Daniels, David Prowse, Kenny Baker, Peter Mayhew, Frank Oz, Kathryn Mullen, Jason Wingreen, Temuera Morrison, Clive Revill, Marjorie Eaton, Ian McDiarmid, Alec Guinness, John Hollis]","[Irvin Kershner, Gary Kurtz, Leigh Brackett, Lawrence Kasdan, John Williams, George Lucas, George Lucas, Irene Lamb, Norman Reynolds, Leslie Dilley, Alan Tomkins, Michael Ford, John Mollo, Paul Hirsch, George Lucas, Marcia Lucas]","[Adventure, Action, Science Fiction]"
Sunset Boulevard,1950-08-10,"[William Holden, Gloria Swanson, Erich von Stroheim, Nancy Olson, Fred Clark, Lloyd Gough, Jack Webb, Buster Keaton, Cecil B. DeMille, Hedda Hopper, Anna Q. Nilsson, H.B. Warner, Franklyn Farnum, Larry J. Blake, Fred Aldrich, Joel Allen, Ralph Montgomery]","[Charles Brackett, Charles Brackett, Franz Waxman, John F. Seitz, Hans Dreier, Sam Comer, Ray Moyer, Edith Head, Wally Westmore, John Cope]",[Drama]
Princess Mononoke,1997-07-12,"[Yuriko Ishida, Yūko Tanaka, Kaoru Kobayashi, Masahiko Nishimura, Tsunehiko Kamijô, Hisaya Morishige, Takako Fuji]","[Hayao Miyazaki, Hayao Miyazaki, Toshio Suzuki, Joe Hisaishi, Hayao Miyazaki, Takeshi Seyama, Yasuyoshi Tokuma]","[Adventure, Fantasy, Animation]"
The Lord of the Rings: The Return of the King,2003-12-01,"[Elijah Wood, Ian McKellen, Viggo Mortensen, Liv Tyler, Orlando Bloom, John Rhys-Davies, Sean Astin, Billy Boyd, Dominic Monaghan, Andy Serkis, Hugo Weaving, Ian Holm, Bernard Hill, Miranda Otto, David Wenham, Karl Urban, John Noble, Cate Blanchett, Lawrence Makoare, Paul Norell]","[Peter Jackson, Peter Jackson, Barrie M. Osborne, Bob Weinstein, Harvey Weinstein, Mark Ordesky, Michael Lynne, J.R.R. Tolkien, Peter Jackson, Fran Walsh, Philippa Boyens, Andrew Lesnie, John Howe, Dan Hennah, Ngila Dickson, Richard Taylor, Howard Shore]","[Adventure, Fantasy, Action]"
Anne of Green Gables,1985-12-01,"[Megan Follows, Colleen Dewhurst, Richard Farnsworth, Patricia Hamilton, Marilyn Lightstone, Jonathan Crombie, Charmion King]",[Kevin Sullivan],"[Drama, Family]"
American History X,1998-10-30,"[Edward Norton, Edward Furlong, Beverly D'Angelo, Avery Brooks, Jennifer Lien, Ethan Suplee, Stacy Keach, Fairuza Balk, Elliott Gould, Guy Torry, William Russ, Joe Cortese, Jason Bose Smith, Antonio David Lyons, Alex Sol, Giuseppe Andrews, Keram Malicki-Sánchez, Christopher Masterson]","[Tony Kaye, John Morrissey, David McKenna, Anne Dudley, Gerald B. Greenberg, Alan Heim, Valerie McCaffrey, David McKenna, Bill Carraro, Michael De Luca, David McKenna, Kearie Peak, Steve Tisch, Lawrence Turman, Brian Witten]",[Drama]
Seven Samurai,1954-04-26,"[Toshirō Mifune, Takashi Shimura, Yoshio Inaba, Seiji Miyaguchi, Minoru Chiaki, Isao Kimura, Keiko Tsushima, Kamatari Fujiwara, Yoshio Tsuchiya, Kokuten Kôdô, Eijirō Tōno, Atsushi Watanabe, Kichijirô Ueda]","[Akira Kurosawa, Shinobu Hashimoto, Hideo Oguni, Akira Kurosawa, Sôjirô Motoki, Fumio Hayasaka, Asakazu Nakai, Akira Kurosawa, Takao Saitô, Masaru Satô]","[Action, Drama]"
High and Low,1963-03-01,"[Toshirō Mifune, Tatsuya Nakadai, Tatsuya Mihashi, Isao Kimura, Takeshi Katô, Takashi Shimura, Nobuo Nakamura, Yūnosuke Itō, Tsutomu Yamazaki, Minoru Chiaki, Eijirō Tōno, Yutaka Sada]","[Akira Kurosawa, Akira Kurosawa, Tomoyuki Tanaka, Masaru Satô, Asakazu Nakai, Takao Saitô, Hideo Oguni, Evan Hunter, Akira Kurosawa]","[Crime, Drama, Mystery, Thriller]"
The Handmaiden,2016-06-01,"[Kim Min-hee, Kim Tae-ri, Ha Jung-woo, Cho Jin-woong, Moon So-ri, Lee Dong-hwi, Lee Yong-nyeo]","[Park Chan-wook, Park Chan-wook, Park Chan-wook, Kim Sang-beom, Ryu Seong-hee, Chung Seo-kyung, Cho Sang-kyung]","[Thriller, Drama, Romance]"
The Passion of Joan of Arc,1928-04-21,"[Maria Falconetti, Eugene Silvain, Maurice Schutz, Antonin Artaud, Michel Simon, Louis Ravet, Alexandre Mihalesco]","[Rudolph Maté, Carl Theodor Dreyer, Carl Theodor Dreyer, Joseph Delteil, Carl Theodor Dreyer, Carl Theodor Dreyer, Jesper Kyd]","[Drama, History]"
"The Good, the Bad and the Ugly",1966-12-23,"[Clint Eastwood, Eli Wallach, Lee Van Cleef, Luigi Pistilli, Rada Rassimov, John Bartha, Livio Lorenzon, Angelo Novi, Aldo Sambrell, Al Mulock, Antonio Molino Rojo]","[Sergio Leone, Alberto Grimaldi, Ennio Morricone, Tonino Delli Colli, Eugenio Alabiso, Nino Baragli, Carlo Simi, Sergio Leone, Agenore Incrocci, Furio Scarpelli, Sergio Leone, Carlo Leva, Carlo Simi]",[Western]
The Great Dictator,1940-10-15,"[Charlie Chaplin, Jack Oakie, Reginald Gardiner, Henry Daniell, Billy Gilbert, Paul Weigel, Paulette Goddard, Grace Hayle, Maurice Moscovitch, Emma Dunn, Carter DeHaven, Rudolph Anders, George Lynn, Chester Conklin, Hank Mann]","[Charlie Chaplin, Charlie Chaplin, Charlie Chaplin, Karl Struss, Roland Totheroh, Willard Nico, J. Russell Spencer, Edward G. Boyle, Charlie Chaplin, Carter DeHaven]",[Comedy]
Mommy,2014-05-22,"[Anne Dorval, Suzanne Clément, Antoine-Olivier Pilon, Patrick Huard, Michèle Lituac, Viviane Pascal, Natalie Hamel-Roy, Isabelle Nélisse, Ted Pluviose, Stéphane Lefebvre, Mike Chute, Reda Guerinik, Justin Laramée, Sabrina Bisson, Huguette Gervais, Vincent Fafard, Jean-Philippe Baril-Guérard, Dominic Desnoyers, Guenièvre Sandré]","[Xavier Dolan, Xavier Dolan, Xavier Dolan, Xavier Dolan, Xavier Dolan, André Turpin]",[Drama]
Howl's Moving Castle,2004-11-19,"[Takuya Kimura, Tatsuya Gashûin, Mitsunori Isaki, Yo Oizumi, Akio Ohtsuka, Haruko Kato, Ryunosuke Kamiki, Chieko Baishô]","[Hayao Miyazaki, Hayao Miyazaki, Toshio Suzuki, John Lasseter, Hayao Miyazaki, Joe Hisaishi, Takeshi Seyama]","[Fantasy, Animation, Adventure]"
My Friends,1975-06-06,"[Ugo Tognazzi, Gastone Moschin, Philippe Noiret, Adolfo Celi, Bernard Blier, Marisa Traversi, Milena Vukotic, Olga Karlatos, Silvia Dionisio, Mauro Vestri, Mario Scarpetta, Sergio Forconi]","[Tullio Pinelli, Carlo Rustichelli]",[Comedy]
City Lights,1931-01-30,"[Charlie Chaplin, Virginia Cherrill, Florence Lee, Harry Myers, Al Ernest Garcia, Hank Mann, Albert Austin, Eddie Baker, Henry Bergman, James Donnelly, Jean Harlow]","[Charlie Chaplin, Gordon Pollock, Theodore Reed, Charlie Chaplin, Charlie Chaplin, Charlie Chaplin, Al Ernest Garcia, Harry Crocker, Charlie Chaplin, Roland Totheroh, Willard Nico, Charles D. Hall, Albert Austin, Henry Bergman, Harry Crocker, Harry Crocker, Alfred Newman]","[Comedy, Drama, Romance]"
Rear Window,1954-08-01,"[James Stewart, Grace Kelly, Wendell Corey, Thelma Ritter, Raymond Burr, Judith Evelyn, Ross Bagdasarian, Georgine Darcy, Sara Berner, Frank Cady, Jesslyn Fax, Bess Flowers, Kathryn Grant, Marla English, Alfred Hitchcock, Gig Young]","[Alfred Hitchcock, Alfred Hitchcock, James C. Katz, Franz Waxman, Robert Burks, George Tomasini, Hal Pereira, Sam Comer, Ray Moyer, Edith Head, Wally Westmore, C.O. Erickson, Cornell Woolrich, John Michael Hayes, Herbert Coleman]","[Drama, Mystery, Thriller]"
Love Exposure,2008-11-29,"[Hikari Mitsushima, Makiko Watanabe, Sakura Ando, Atsuro Watabe, Itsuji Itao, Jyonmyon Pe]","[Sion Sono, Sion Sono]","[Action, Comedy, Drama, Romance]"
Leon: The Professional,1994-09-14,"[Jean Reno, Natalie Portman, Gary Oldman, Danny Aiello, Peter Appel, Michael Badalucco, Ellen Greene, Carl J. Matusovich, Eric Challier, Don Creech, Jernard Burks, Matt De Matt, Frank Senger, Lucius Wyatt 'Cherokee', Maïwenn, Luc Bernard]","[Luc Besson, Patrice Ledoux, Thierry Arbogast, Sylvie Landra, Todd M. Thaler, Dan Weil, Magali Guidasci, Luc Besson, Pascal Chaumeil, Peter Bucossi, Michael E. Phillips]","[Thriller, Crime, Drama]"
"Three Billboards Outside Ebbing, Missouri",2017-11-10,"[Frances McDormand, Woody Harrelson, Sam Rockwell, John Hawkes, Peter Dinklage, Abbie Cornish, Lucas Hedges, Caleb Landry Jones, Samara Weaving, Zeljko Ivanek, Amanda Warren, Kerry Condon, Darrell Britt-Gibson, Kathryn Newton, Sandy Martin, Christopher Berry]","[Martin McDonagh, Martin McDonagh, Graham Broadbent, Peter Czernin, Martin McDonagh, Ben Davis, Jon Gregory, Merissa Lombardo, Melissa Toth, Doug Cooper, Christer Melén, Joakim Sundström]","[Crime, Drama]"
Piper,2016-06-16,[],"[Adrian Belew, John Lasseter, Andrew Stanton, James W. Brown]","[Family, Animation]"
Sense8: A Christmas Special,2016-12-23,"[Bae Doona, Jamie Clayton, Tina Desai, Tuppence Middleton, Toby Onwumere, Max Riemelt, Miguel Ángel Silvestre, Brian J. Smith, Eréndira Ibarra, Naveen Andrews, Terrence Mann, Daryl Hannah, Joe Pantoliano, Max Mauff, Dolores Heredia, Martin Wuttke]","[Lana Wachowski, J. Michael Straczynski, Lana Wachowski, Johnny Klimek, Tom Tykwer, John Toll, John Toll]","[Drama, Mystery, Science Fiction, Thriller]"
City of God,2002-02-05,"[Alexandre Rodrigues, Leandro Firmino, Phellipe Haagensen, Douglas Silva, Jonathan Haagensen, Matheus Nachtergaele, Seu Jorge, Alice Braga, Roberta Rodrigues, Darlan Cunha, Thiago Martins, Gero Camilo, Daniel Zettel]","[Fernando Meirelles, Paulo Lins, Andrea Barata Ribeiro, Mauricio Andrade Ramos, Walter Salles, Antonio Pinto, César Charlone, Daniel Rezende]","[Drama, Crime]"
Modern Times,1936-02-05,"[Charlie Chaplin, Paulette Goddard, Henry Bergman, Tiny Sandford, Chester Conklin, Hank Mann, Al Ernest Garcia, Richard Alexander, Murdock MacQuarrie, Wilfred Lucas, Sammy Stein, Gloria DeHaven]","[Charlie Chaplin, Charlie Chaplin, Charlie Chaplin, Ira H. Morgan, Roland Totheroh, Willard Nico, Al Ernest Garcia, Charlie Chaplin, J. Russell Spencer, Charles D. Hall, Charles D. Hall, J. Russell Spencer, Henry Bergman, Alfred Newman, Charlie Chaplin, Carter DeHaven, Bud Thackery, Frank Maher]","[Drama, Comedy]"
Dead Poets Society,1989-06-02,"[Robin Williams, Ethan Hawke, Robert Sean Leonard, Gale Hansen, Josh Charles, Dylan Kussman, Allelon Ruggiero, James Waterston, Norman Lloyd, Kurtwood Smith, Leon Pownall, George Martin, Alexandra Powers, Lara Flynn Boyle]","[Peter Weir, Tom Schulman, John Seale, Maurice Jarre, William M. Anderson, Steven Haft, Paul Junger Witt, Tony Thomas, Howard Feuer, Wendy Stites, Tom Schulman]",[Drama]
The Intouchables,2011-11-02,"[Omar Sy, Audrey Fleurot, Anne Le Ny, Clotilde Mollet, Alba Gaïa Bellugi, Salimata Kamate, Absa Diatou Toure, Dominique Daguier, François Caron, Thomas Solivéres, Grégoire Oestermann, Dorothée Brière, Joséphine de Meaux, Emilie Caen, Sylvain Lazard]","[Mathieu Vadepied, Mathieu Vadepied]","[Drama, Comedy]"
Se7en,1995-09-22,"[Brad Pitt, Morgan Freeman, Gwyneth Paltrow, John C. McGinley, Kevin Spacey, R. Lee Ermey, Richard Roundtree, Richard Schiff, Mark Boone Junior, John Cassini, Reg E. Cathey, Hawthorne James, Michael Massee, Leland Orser, Richard Portnow, Daniel Zacapa, Alfonso Freeman, Harris Savides]","[Andrew Kevin Walker, Phyllis Carlyle, Arnold Kopelson, Anne Kopelson, Howard Shore, Darius Khondji, Richard Francis-Bruce, Kerry Barden, Billy Hopkins, Suzanne Smith, Arthur Max, Gary Wissner, Clay A. Griffith, Michael Kaplan, Dan Kolsrud, David Fincher, Jack Keller]","[Crime, Mystery, Thriller]"
Paths of Glory,1957-09-18,"[Kirk Douglas, Ralph Meeker, Adolphe Menjou, George Macready, Wayne Morris, Richard Anderson, Timothy Carey, Christiane Kubrick, Jerry Hausner, Peter Capell, Emile Meyer, Bert Freed, Kem Dibbs, James B. Harris]","[Stanley Kubrick, Stanley Kubrick, Stanley Kubrick, Jim Thompson, Kirk Douglas, James B. Harris, Gerald Fried, Georg Krause, Eva Kroll, Martin Müller, Franz-Josef Spieker]","[Drama, War]"
Wonder,2017-11-13,"[Jacob Tremblay, Julia Roberts, Owen Wilson, Izabela Vidovic, Mandy Patinkin, Daveed Diggs, Noah Jupe, Bryce Gheisar, Danielle Rose Russell, Elle McKinnon, Millie Davis, Ali Liebert, Nadji Jeter, Kyle Harrison Breitkopf, James A Hughes, Nicole Oliver, Rachel Hayward, Crystal Lowe, Steve Bacic]","[Stephen Chbosky, David Hoberman, Todd Lieberman, Mark Livolsi, Steve Conrad, Don Burgess, Deborah Aquila, Kara Eide, Tricia Wood, Kalina Ivanov, Monique Prudhomme, Dean Eilertson]",[Drama]
The Invisible Guest,2016-09-22,"[Mario Casas, Bárbara Lennie, David Selvas]","[Oriol Paulo, Oriol Paulo]","[Mystery, Crime, Thriller]"
Witness for the Prosecution,1957-12-17,"[Tyrone Power, Marlene Dietrich, Elsa Lanchester, John Williams, Henry Daniell, Ian Wolfe, Torin Thatcher, Norma Varden, Una O'Connor, Francis Compton, Ruta Lee, Bess Flowers, Leoda Richards, Patrick Aherne, Eddie Baker, Brandon Beach, Colin Kenny]","[Agatha Christie, Lawrence B. Marcus, Harry Kurnitz, Arthur Hornblow Jr., Leonid Raab, Daniel Mandell, Fred Lau, Emmett Emerson, Wally Westmore, Ernest Gold, Edward Small, Russell Harlan, Alexandre Trauner]","[Drama, Mystery, Crime]"
Le Trou,1960-03-18,"[Michel Constantin, Philippe Leroy, Raymond Meunier, Marc Michel, André Bervil, Jean Luisi, Jean Becker, Paul Préboist, Catherine Spaak, Dominique Zardi, Jean Minisini]","[Jacques Becker, Serge Silberman, Jacques Becker, Jacques Becker, Jean Becker]","[Crime, Drama, Thriller]"
Inception,2010-07-14,"[Leonardo DiCaprio, Joseph Gordon-Levitt, Ellen Page, Tom Hardy, Ken Watanabe, Cillian Murphy, Marion Cotillard, Michael Caine, Dileep Rao, Tom Berenger, Pete Postlethwaite, Lukas Haas, Talulah Riley, Taylor Geare, Claire Geare, Johnathan Geare, Yuji Okumoto, Earl Cameron, Ryan Hayward]","[Christopher Nolan, Emma Thomas, Wally Pfister, Christopher Nolan, Christopher Nolan, Brad Ricker, Dean Wolcott, Larry Dias, Hans Zimmer]","[Action, Thriller, Science Fiction, Mystery, Adventure]"
The Silence of the Lambs,1991-02-01,"[Jodie Foster, Anthony Hopkins, Scott Glenn, Ted Levine, Anthony Heald, Brooke Smith, Kasi Lemmons, Frankie Faison, Tracey Walter, Charles Napier, Danny Darst, Dan Butler, Paul Lazar, Ron Vawter, Roger Corman]","[Jonathan Demme, Tak Fujimoto, Craig McKay, Ted Tally, Kristi Zea, Tim Galvin, Thomas Harris, Howard Feuer, Kenneth Utt, Edward Saxon, Ronald M. Bozman, Gary Goetzman, Howard Shore, Sharon Boyle]","[Crime, Drama, Thriller]"
Big Deal on Madonna Street,1958-06-06,"[Vittorio Gassman, Marcello Mastroianni, Renato Salvatori, Totò, Claudia Cardinale, Tiberio Murgia, Memmo Carotenuto, Carlo Pisacane, Carla Gravina, Nino Marchetti, Elena Fabrizi, Mario Feliciani, Mimmo Poli, Mario De Simone, Gustavo Serena]","[Piero Umiliani, Agenore Incrocci, Agenore Incrocci, Furio Scarpelli, Furio Scarpelli, Suso Cecchi d'Amico]","[Comedy, Crime]"
Hotarubi no Mori e,2011-09-17,"[Ayane Sakura, Kouki Uchiyama]","[Takahiro Omori, Yukihiro Shibutani, Takahiro Omori]","[Romance, Animation, Fantasy]"
Louis C.K.: Live at the Beacon Theater,2011-12-10,[Louis C.K.],"[Louis C.K., Louis C.K., Louis C.K., Louis C.K.]",[Comedy]
The Lord of the Rings: The Fellowship of the Ring,2001-12-18,"[Elijah Wood, Ian McKellen, Viggo Mortensen, Sean Astin, Orlando Bloom, John Rhys-Davies, Sean Bean, Cate Blanchett, Hugo Weaving, Liv Tyler, Christopher Lee, Billy Boyd, Dominic Monaghan, Andy Serkis, Ian Holm, Craig Parker, Lawrence Makoare, Sala Baker, Sarah McLeod, Marton Csokas]","[Peter Jackson, Peter Jackson, Barrie M. Osborne, Bob Weinstein, Harvey Weinstein, Saul Zaentz, Mark Ordesky, Michael Lynne, J.R.R. Tolkien, Peter Jackson, Fran Walsh, Philippa Boyens, Howard Shore, Andrew Lesnie, Grant Major, John Gilbert, Philip Ivey]","[Adventure, Fantasy, Action]"
A Dog's Will,2000-09-10,"[Matheus Nachtergaele, Selton Mello, Lima Duarte, Rogério Cardoso, Diogo Vilela, Luís Melo, Virginia Cavendish, Bruno Garcia, Fernanda Montenegro, Marco Nanini]","[Guel Arraes, Guel Arraes]","[Adventure, Comedy]"
Interstellar,2014-11-05,"[Matthew McConaughey, Jessica Chastain, Anne Hathaway, Michael Caine, Casey Affleck, Mackenzie Foy, Timothée Chalamet, Bill Irwin, Matt Damon, Ellen Burstyn, John Lithgow, Wes Bentley, Topher Grace, David Oyelowo, David Gyasi, William Devane, Josh Stewart, Collette Wolfe, Leah Cairns, Russ Fega]","[David F. Klassen, Eric Sundahl, Christopher Nolan, Lynda Obst, Christopher Nolan, Hans Zimmer, Jonathan Nolan, Christopher Nolan, Nathan Crowley, Mary Zophres, Emma Thomas, Gary Fettis]","[Adventure, Drama, Science Fiction]"
The Usual Suspects,1995-07-19,"[Stephen Baldwin, Gabriel Byrne, Chazz Palminteri, Kevin Pollak, Pete Postlethwaite, Kevin Spacey, Suzy Amis, Giancarlo Esposito, Benicio del Toro, Dan Hedaya, Paul Bartel, Christine Estabrook, Clark Gregg, Morgan Hunter, Louis Lombardi, Frank Medrano]","[Bryan Singer, Bryan Singer, Michael McDonnell, Robert Jones, Newton Thomas Sigel, John Ottman, Francine Maisler, Howard Cummings, David Lazan, Sara Andrews, Louise Mingenbach, Vicky Herman, John Ottman, Kenneth Kokin, Christopher McQuarrie, Geoffrey Patterson]","[Drama, Crime, Thriller]"
Louis C.K.: Hilarious,2010-01-26,[Louis C.K.],"[Louis C.K., Louis C.K.]",[Comedy]
Il Sorpasso,1962-12-04,"[Vittorio Gassman, Catherine Spaak, Jean-Louis Trintignant, Claudio Gora, Linda Sini, Jacques Stany]","[Ettore Scola, Riz Ortolani, Mario Cecchi Gori, Alfio Contini]","[Drama, Comedy]"
I Corti,1996-01-01,"[Giacomo Poretti, Giovanni Storti, Marina Massironi]",[],[]
The Lord of the Rings: The Two Towers,2002-12-18,"[Elijah Wood, Ian McKellen, Viggo Mortensen, Liv Tyler, Orlando Bloom, John Rhys-Davies, Christopher Lee, Sean Astin, Billy Boyd, Dominic Monaghan, Andy Serkis, Hugo Weaving, Craig Parker, Bernard Hill, Brad Dourif, Miranda Otto, David Wenham, Karl Urban, Cate Blanchett, Olivia Tennet]","[Peter Jackson, Barrie M. Osborne, Bob Weinstein, Harvey Weinstein, Saul Zaentz, Mark Ordesky, Michael Lynne, J.R.R. Tolkien, Peter Jackson, Fran Walsh, Philippa Boyens, Andrew Lesnie, Philip Ivey, Alan Lee, John Howe, Dan Hennah, Ngila Dickson]","[Adventure, Fantasy, Action]"
Once Upon a Time in the West,1968-12-21,"[Claudia Cardinale, Henry Fonda, Jason Robards, Charles Bronson, Gabriele Ferzetti, Paolo Stoppa, Woody Strode, Jack Elam, Keenan Wynn, Lionel Stander, Marco Zuanelli, Al Mulock, Antonio Molino Rojo, Fabio Testi]","[Sergio Leone, Ennio Morricone, Tonino Delli Colli, Nino Baragli, Carlo Simi, Antonella Pompei, Carlo Simi, John Landis, Dario Argento, Bernardo Bertolucci, Sergio Leone, Sergio Leone]",[Western]
The Legend of 1900,1998-10-28,"[Tim Roth, Pruitt Taylor Vince, Mélanie Thierry, Bill Nunn, Gabriele Lavia, Clarence Williams III, Mélanie Thierry, Peter Vaughan, Alberto Vazquez]",[Ennio Morricone],[Fantasy]
The Red Shoes,1948-07-20,"[Adolf Wohlbrück, Moira Shearer, Robert Helpmann, Albert Bassermann, Esmond Knight, Ludmilla Tchérina, Marius Goring, Austin Trevor, Eric Berry, Irene Browne, Jerry Verno]","[Michael Powell, Michael Powell, Michael Powell, Emeric Pressburger, Emeric Pressburger, Emeric Pressburger, Jack Cardiff, Hans Christian Andersen, Emeric Pressburger, Reginald Mills]","[Drama, Romance]"
Star Wars,1977-05-25,"[Mark Hamill, Harrison Ford, Carrie Fisher, Peter Cushing, Alec Guinness, Anthony Daniels, Kenny Baker, Peter Mayhew, David Prowse, Phil Brown, Shelagh Fraser, Jack Purvis, Eddie Byrne, Denis Lawson, Garrick Hagon, Don Henderson, Leslie Schofield, Richard LeParmentier, Michael Leader]","[George Lucas, George Lucas, Gary Kurtz, John Williams, Gilbert Taylor, George Lucas, Richard Chew, Paul Hirsch, Marcia Lucas, Dianne Crittenden, Irene Lamb, Vic Ramos, John Barry, Leslie Dilley, Norman Reynolds, Roger Christian, John Mollo, Phil Tippett]","[Adventure, Action, Science Fiction]"
Memento,2000-10-11,"[Guy Pearce, Carrie-Anne Moss, Joe Pantoliano, Mark Boone Junior, Stephen Tobolowsky, Harriet Sansom Harris, Callum Keith Rennie, Larry Holden, Jorja Fox, Russ Fega, Thomas Lennon, Kimberly Campbell, Marianne Muellerleile]","[Christopher Nolan, Christopher Nolan, Jonathan Nolan, Jennifer Todd, Suzanne Todd, Aaron Ryder, David Julyan, Wally Pfister, Patti Podesta, Dody Dorn, Christopher Ball, William Tyrer, Emma Thomas, Danielle Berman, Cindy Evans, Steve Gehrke, David Klotz]","[Mystery, Thriller]"
The Pianist,2002-09-24,"[Adrien Brody, Thomas Kretschmann, Frank Finlay, Maureen Lipman, Emilia Fox, Ed Stoppard, Michal Zebrowski, Wanja Mues, Richard Ridings, Thomas Lawinky, Paul Bradley]","[Roman Polanski, Ronald Harwood, Roman Polanski, Alain Sarde, Hervé de Luze, Wojciech Kilar, Pawel Edelman, Robert Benmussa, Celestia Fox, Heta Mantscheff, Allan Starski, Nenad Pečur, Anna B. Sheppard, Weronika Migon]","[Drama, War]"
The Shining,1980-05-22,"[Jack Nicholson, Danny Lloyd, Scatman Crothers, Barry Nelson, Philip Stone, Anne Jackson, Tony Burton, Barry Dennen]","[Stanley Kubrick, Stanley Kubrick, Stephen King, Diane Johnson, Stanley Kubrick, Jan Harlan, Wendy Carlos, Rachel Elkind, John Alcott, Ray Lovejoy, James Liggat, Roy Walker, Milena Canonero, Tom Smith]","[Horror, Thriller]"
Woman in the Dunes,1964-02-15,"[Eiji Okada, Kyoko Kishida]","[Hiroshi Teshigahara, Tôru Takemitsu]","[Drama, Thriller]"
Room,2015-10-16,"[Brie Larson, Jacob Tremblay, Joan Allen, Sean Bridgers, William H. Macy, Tom McCamus, Amanda Brugel, Joe Pingue, Cas Anvar, Wendy Crewson, Kate Drummond, Randal Edwards, Jack Fulton, Justin Mader, Zarrin Darnell-Martin, Jee-Yun Lee, Ola Sturik, Rodrigo Fernandez- Stoll, Rory O'Shea, Matt Gordon]","[Lenny Abrahamson, Ed Guiney, Michelle Lannon, Danny Cohen, Fiona Weir, Robin D. Cook, Lea Carlson, Stephen Rennicks, Andrew Lowe, Tessa Ross]","[Drama, Thriller]"
"Sherlock, Jr.",1924-04-21,"[Buster Keaton, Kathryn McGuire, Joe Keaton, Erwin Connelly, Ward Crane, George Davis, Kewpie Morgan, Steve Murphy]","[Buster Keaton, Buster Keaton, Clyde Bruckman, Joseph M. Schenck, Elgin Lessley, Buster Keaton, Jean C. Havez, Joseph A. Mitchell]","[Action, Comedy, Mystery]"
Reservoir Dogs,1992-09-02,"[Harvey Keitel, Tim Roth, Michael Madsen, Chris Penn, Steve Buscemi, Lawrence Tierney, Edward Bunker, Quentin Tarantino, Randy Brooks, Kirk Baltz, Steven Wright, David Steen]","[Quentin Tarantino, Lawrence Bender, Andrzej Sekula, Sally Menke, Ronnie Yeskel, David Wasco, Quentin Tarantino, Richard N. Gladstein, Monte Hellman, Ronna B. Wallace, Betsy Heimann, Paul Hellerman, Harvey Keitel]","[Crime, Thriller]"
Umberto D.,1952-01-20,"[Memmo Carotenuto, Lamberto Maggiorani, Maria Pia Casilio]","[Vittorio De Sica, Alessandro Cicognini, Eraldo Da Roma, Vittorio De Sica, Giuseppe Rotunno]",[Drama]
Back to the Future,1985-07-03,"[Michael J. Fox, Christopher Lloyd, Lea Thompson, Crispin Glover, Thomas F. Wilson, Claudia Wells, Marc McClure, Wendie Jo Sperber, Frances Lee McCain, James Tolkan, Billy Zane, J.J. Cohen, Casey Siemaszko, Cristen Kauffman, Elsa Raven, Will Hare]","[Robert Zemeckis, Bob Gale, Neil Canton, Dean Cundey, Alan Silvestri, Harry Keramidas, Arthur Schmidt, Lawrence G. Paull, Jane Feinberg, Mike Fenton, Judy Taylor, Robert Zemeckis, Bob Gale, Kathleen Kennedy, Frank Marshall, Steven Spielberg, Todd Hallowell, Deborah Lynn Scott, Dorothy Byrne]","[Adventure, Comedy, Science Fiction, Family]"
Vertigo,1958-05-09,"[James Stewart, Kim Novak, Barbara Bel Geddes, Tom Helmore, Henry Jones, Raymond Bailey, Ellen Corby, Konstantin Shayne, Lee Patrick, Bess Flowers]","[Alfred Hitchcock, Alfred Hitchcock, James C. Katz, Bernard Herrmann, Robert Burks, George Tomasini, Henry Bumstead, Hal Pereira, Alec Coppel, Samuel A. Taylor, Edith Head, Sam Comer, Pierre Boileau, Thomas Narcejac, W. Wallace Kelley]","[Mystery, Romance, Thriller]"
Ugetsu,1953-03-26,"[Masayuki Mori, Machiko Kyô, Kinuyo Tanaka, Eitarô Ozawa, Mitsuko Mito, Saburo Date]","[Kenji Mizoguchi, Matsutarô Kawaguchi, Masaichi Nagata, Fumio Hayasaka, Kazuo Miyagawa]","[Fantasy, Drama, Mystery]"
Late Spring,1949-09-13,"[Setsuko Hara, Yumeji Tsukioka, Haruko Sugimura, Kuniko Miyake, Masao Mishima, Yôko Katsuragi]","[Kogo Noda, Yûharu Atsuta]",[Drama]
Wolf Children,2012-07-21,"[Aoi Miyazaki, Haru Kuroki, Megumi Hayashibara, Tamio Ohki, Shota Sometani, Kumiko Asou]","[Mamoru Hosoda, Mamoru Hosoda, Takafumi Watanabe]","[Animation, Drama, Family, Fantasy]"
The Greatest Showman,2017-12-20,"[Hugh Jackman, Zac Efron, Michelle Williams, Zendaya, Rebecca Ferguson, Ellis Rubin, Will Swenson]","[Jenny Bicks, Bill Condon, Hugh Jackman, Deb Dyer, Joe Hutshing, Nathan Crowley, Laura Ballinger, Ellen Mirojnick, Robert Duffy]","[Drama, Music]"
